{"cameraMode":{"drawMode":0,"name":"Shaded","section":"Shading Mode"},"sceneLighting":true,"audioPlay":false,"sceneViewState":{"showFog":true,"showMaterialUpdate":false,"showSkybox":true,"showFlares":true,"showImageEffects":true,"showParticleSystems":true},"in2DMode":false,"pivot":{"x":21.795774459838868,"y":10.357946395874024,"z":10.764772415161133},"rotation":{"x":0.4497624635696411,"y":0.001339724170975387,"z":-0.0006746551371179521,"w":0.8931469917297363},"size":5.404582500457764,"orthographic":false}